<application>
  <component name="SvnDiffSettings">
    <option name="PLACES_MAP">
      <entry key="Default">
        <PlaceSettings>
          <option name="SPLITTER_PROPORTION" value="0.8745149" />
        </PlaceSettings>
      </entry>
    </option>
  </component>
  <component name="TextDiffSettings">
    <option name="PLACES_MAP">
      <entry key="Merge">
        <PlaceSettings>
          <option name="ENABLE_SYNC_SCROLL" value="false" />
        </PlaceSettings>
      </entry>
    </option>
  </component>
</application>