<application>
  <component name="FindSettings">
    <option name="customScope" value="All Places" />
    <option name="defaultScopeName" value="All Places" />
    <option name="SEARCH_SCOPE" value="All Places" />
    <option name="FILE_MASK" value="*.*" />
    <mask>*.properties</mask>
    <mask>*.as</mask>
    <mask>*.css</mask>
    <mask>*.mxml</mask>
    <mask>*.jvar</mask>
    <mask>*.js</mask>
    <mask>*.html</mask>
    <mask>*.tld</mask>
    <mask>*.*xml</mask>
    <mask>*.j*</mask>
    <mask>*Dao.*</mask>
    <mask>*.JAVA</mask>
    <mask>*.jsp</mask>
    <mask>*.xml</mask>
    <mask>*.java</mask>
    <mask>*.*</mask>
  </component>
</application>