<application>
  <component name="ExternalResourceManagerImpl">
    <resource url="http://mybatis.org/dtd/mybatis-generator-config_1_0.dtd" location="$USER_HOME$/.IntelliJIdea2019.2/system/extResources/cf63db72_mybatis-generator-config_1_0.dtd" />
    <resource url="http://www.springframework.org/schema/beans/spring-beans-4.3.xsd" location="$USER_HOME$/.IntelliJIdea2017.1/system/extResources/d83fe593_spring-beans-4.3.xsd" />
    <resource url="http://www.springframework.org/schema/context/spring-context.xsd" location="$USER_HOME$/.IntelliJIdea2017.1/system/extResources/a93b54e7_spring-context.xsd" />
    <resource url="http://www.springframework.org/schema/data/jpa" location="$USER_HOME$/.IntelliJIdea2017.1/system/extResources/70573892_spring-jpa.xsd" />
    <resource url="http://www.springframework.org/schema/data/repository/spring-repository.xsd" location="$USER_HOME$/.IntelliJIdea2017.1/system/extResources/977a1048_spring-repository.xsd" />
    <resource url="http://www.springframework.org/schema/tool/spring-tool-4.3.xsd" location="$USER_HOME$/.IntelliJIdea2017.1/system/extResources/946a6b65_spring-tool-4.3.xsd" />
    <ignored-resource url="http://code.alibabatech.com/schema/dubbo" />
    <ignored-resource url="http://code.alibabatech.com/schema/dubbo/dubbo.xsd" />
  </component>
</application>