<application>
  <component name="ProjectJdkTable">
    <jdk version="2">
      <name value="1.8" />
      <type value="JavaSDK" />
      <version value="java version &quot;1.8.0_91&quot;" />
      <homePath value="C:/Program Files/Java/jdk1.8.0_91" />
      <roots>
        <annotationsPath>
          <root type="composite">
            <root url="jar://$APPLICATION_HOME_DIR$/lib/jdkAnnotations.jar!/" type="simple" />
          </root>
        </annotationsPath>
        <classPath>
          <root type="composite">
            <root url="jar://C:/Program Files/Java/jdk1.8.0_91/jre/lib/charsets.jar!/" type="simple" />
            <root url="jar://C:/Program Files/Java/jdk1.8.0_91/jre/lib/deploy.jar!/" type="simple" />
            <root url="jar://C:/Program Files/Java/jdk1.8.0_91/jre/lib/ext/access-bridge-64.jar!/" type="simple" />
            <root url="jar://C:/Program Files/Java/jdk1.8.0_91/jre/lib/ext/cldrdata.jar!/" type="simple" />
            <root url="jar://C:/Program Files/Java/jdk1.8.0_91/jre/lib/ext/dnsns.jar!/" type="simple" />
            <root url="jar://C:/Program Files/Java/jdk1.8.0_91/jre/lib/ext/jaccess.jar!/" type="simple" />
            <root url="jar://C:/Program Files/Java/jdk1.8.0_91/jre/lib/ext/jfxrt.jar!/" type="simple" />
            <root url="jar://C:/Program Files/Java/jdk1.8.0_91/jre/lib/ext/localedata.jar!/" type="simple" />
            <root url="jar://C:/Program Files/Java/jdk1.8.0_91/jre/lib/ext/nashorn.jar!/" type="simple" />
            <root url="jar://C:/Program Files/Java/jdk1.8.0_91/jre/lib/ext/sunec.jar!/" type="simple" />
            <root url="jar://C:/Program Files/Java/jdk1.8.0_91/jre/lib/ext/sunjce_provider.jar!/" type="simple" />
            <root url="jar://C:/Program Files/Java/jdk1.8.0_91/jre/lib/ext/sunmscapi.jar!/" type="simple" />
            <root url="jar://C:/Program Files/Java/jdk1.8.0_91/jre/lib/ext/sunpkcs11.jar!/" type="simple" />
            <root url="jar://C:/Program Files/Java/jdk1.8.0_91/jre/lib/ext/zipfs.jar!/" type="simple" />
            <root url="jar://C:/Program Files/Java/jdk1.8.0_91/jre/lib/javaws.jar!/" type="simple" />
            <root url="jar://C:/Program Files/Java/jdk1.8.0_91/jre/lib/jce.jar!/" type="simple" />
            <root url="jar://C:/Program Files/Java/jdk1.8.0_91/jre/lib/jfr.jar!/" type="simple" />
            <root url="jar://C:/Program Files/Java/jdk1.8.0_91/jre/lib/jfxswt.jar!/" type="simple" />
            <root url="jar://C:/Program Files/Java/jdk1.8.0_91/jre/lib/jsse.jar!/" type="simple" />
            <root url="jar://C:/Program Files/Java/jdk1.8.0_91/jre/lib/management-agent.jar!/" type="simple" />
            <root url="jar://C:/Program Files/Java/jdk1.8.0_91/jre/lib/plugin.jar!/" type="simple" />
            <root url="jar://C:/Program Files/Java/jdk1.8.0_91/jre/lib/resources.jar!/" type="simple" />
            <root url="jar://C:/Program Files/Java/jdk1.8.0_91/jre/lib/rt.jar!/" type="simple" />
          </root>
        </classPath>
        <javadocPath>
          <root type="composite" />
        </javadocPath>
        <sourcePath>
          <root type="composite">
            <root url="jar://C:/Program Files/Java/jdk1.8.0_91/src.zip!/" type="simple" />
            <root url="jar://C:/Program Files/Java/jdk1.8.0_91/javafx-src.zip!/" type="simple" />
          </root>
        </sourcePath>
      </roots>
      <additional />
    </jdk>
    <jdk version="2">
      <name value="1.6" />
      <type value="JavaSDK" />
      <version value="java version &quot;1.6.0_21&quot;" />
      <homePath value="D:/Java/jdk1.6.0_21" />
      <roots>
        <annotationsPath>
          <root type="composite">
            <root url="jar://$APPLICATION_HOME_DIR$/lib/jdkAnnotations.jar!/" type="simple" />
          </root>
        </annotationsPath>
        <classPath>
          <root type="composite">
            <root url="jar://D:/Java/jdk1.6.0_21/jre/lib/charsets.jar!/" type="simple" />
            <root url="jar://D:/Java/jdk1.6.0_21/jre/lib/deploy.jar!/" type="simple" />
            <root url="jar://D:/Java/jdk1.6.0_21/jre/lib/ext/dnsns.jar!/" type="simple" />
            <root url="jar://D:/Java/jdk1.6.0_21/jre/lib/ext/localedata.jar!/" type="simple" />
            <root url="jar://D:/Java/jdk1.6.0_21/jre/lib/ext/sunjce_provider.jar!/" type="simple" />
            <root url="jar://D:/Java/jdk1.6.0_21/jre/lib/ext/sunmscapi.jar!/" type="simple" />
            <root url="jar://D:/Java/jdk1.6.0_21/jre/lib/ext/sunpkcs11.jar!/" type="simple" />
            <root url="jar://D:/Java/jdk1.6.0_21/jre/lib/javaws.jar!/" type="simple" />
            <root url="jar://D:/Java/jdk1.6.0_21/jre/lib/jce.jar!/" type="simple" />
            <root url="jar://D:/Java/jdk1.6.0_21/jre/lib/jsse.jar!/" type="simple" />
            <root url="jar://D:/Java/jdk1.6.0_21/jre/lib/management-agent.jar!/" type="simple" />
            <root url="jar://D:/Java/jdk1.6.0_21/jre/lib/plugin.jar!/" type="simple" />
            <root url="jar://D:/Java/jdk1.6.0_21/jre/lib/resources.jar!/" type="simple" />
            <root url="jar://D:/Java/jdk1.6.0_21/jre/lib/rt.jar!/" type="simple" />
          </root>
        </classPath>
        <javadocPath>
          <root type="composite" />
        </javadocPath>
        <sourcePath>
          <root type="composite">
            <root url="jar://D:/Java/jdk1.6.0_21/src.zip!/" type="simple" />
          </root>
        </sourcePath>
      </roots>
      <additional />
    </jdk>
    <jdk version="2">
      <name value="1.4" />
      <type value="JavaSDK" />
      <version value="java version &quot;1.4.2_12&quot;" />
      <homePath value="D:/Java/jdk1.42" />
      <roots>
        <annotationsPath>
          <root type="composite">
            <root url="jar://$APPLICATION_HOME_DIR$/plugins/java/lib/jdkAnnotations.jar!/" type="simple" />
          </root>
        </annotationsPath>
        <classPath>
          <root type="composite">
            <root url="jar://D:/Java/jdk1.42/jre/lib/charsets.jar!/" type="simple" />
            <root url="jar://D:/Java/jdk1.42/jre/lib/ext/dnsns.jar!/" type="simple" />
            <root url="jar://D:/Java/jdk1.42/jre/lib/ext/ldapsec.jar!/" type="simple" />
            <root url="jar://D:/Java/jdk1.42/jre/lib/ext/localedata.jar!/" type="simple" />
            <root url="jar://D:/Java/jdk1.42/jre/lib/ext/sunjce_provider.jar!/" type="simple" />
            <root url="jar://D:/Java/jdk1.42/jre/lib/jce.jar!/" type="simple" />
            <root url="jar://D:/Java/jdk1.42/jre/lib/jsse.jar!/" type="simple" />
            <root url="jar://D:/Java/jdk1.42/jre/lib/plugin.jar!/" type="simple" />
            <root url="jar://D:/Java/jdk1.42/jre/lib/rt.jar!/" type="simple" />
            <root url="jar://D:/Java/jdk1.42/jre/lib/sunrsasign.jar!/" type="simple" />
          </root>
        </classPath>
        <javadocPath>
          <root type="composite" />
        </javadocPath>
        <sourcePath>
          <root type="composite">
            <root url="jar://D:/Java/jdk1.42/src.zip!/" type="simple" />
          </root>
        </sourcePath>
      </roots>
      <additional />
    </jdk>
  </component>
</application>